Actual_Calories,Predicted_Calories
62.0,64.13
189.0,192.14
156.0,161.13
38.0,38.23
26.0,25.89
105.0,104.89
13.0,13.5
7.0,6.72
107.0,107.24
184.0,185.26
186.0,184.03
31.0,31.84
153.0,158.42
73.0,72.57
230.0,233.69
14.0,12.98
132.0,136.41
156.0,152.85
117.0,118.84
155.0,156.0
84.0,81.97
177.0,175.17
71.0,69.98
144.0,145.8
20.0,19.85
41.0,39.29
20.0,19.24
90.0,92.17
63.0,62.12
118.0,116.42
73.0,73.9
4.0,4.28
4.0,4.05
35.0,33.18
175.0,171.72
48.0,47.54
179.0,180.88
210.0,206.59
64.0,66.8
128.0,127.84
20.0,16.7
2.0,1.86
111.0,109.4
108.0,106.33
223.0,220.74
142.0,151.43
78.0,77.14
201.0,199.7
139.0,138.12
6.0,6.82
27.0,25.96
110.0,108.87
140.0,142.0
88.0,87.7
137.0,144.6
161.0,170.5
2.0,2.86
147.0,153.49
30.0,30.93
198.0,199.55
5.0,5.66
109.0,105.41
138.0,138.09
170.0,177.62
34.0,35.3
36.0,31.87
112.0,105.6
91.0,86.89
153.0,151.67
124.0,123.44
171.0,174.34
26.0,31.09
11.0,10.99
16.0,16.23
62.0,59.27
3.0,3.1
6.0,4.45
99.0,98.37
130.0,129.88
31.0,31.24
180.0,192.27
48.0,44.26
178.0,190.32
26.0,24.12
56.0,59.17
98.0,97.25
105.0,101.6
129.0,127.58
46.0,45.31
162.0,167.8
23.0,20.86
84.0,82.11
34.0,36.03
196.0,192.73
200.0,196.65
3.0,3.38
91.0,91.01
91.0,91.35
61.0,59.84
34.0,33.34
33.0,33.3
230.0,228.37
120.0,123.61
166.0,159.86
3.0,4.37
146.0,147.11
26.0,25.63
3.0,4.88
6.0,6.2
25.0,25.29
22.0,21.45
168.0,172.77
47.0,45.91
44.0,42.93
45.0,43.67
66.0,65.53
41.0,43.25
95.0,91.85
131.0,135.72
7.0,5.71
51.0,51.13
80.0,77.8
35.0,33.98
166.0,161.15
24.0,23.67
81.0,79.56
134.0,133.53
138.0,137.02
121.0,114.38
42.0,43.67
72.0,70.43
62.0,63.66
92.0,91.85
15.0,16.13
181.0,179.58
119.0,134.3
41.0,40.57
37.0,37.82
104.0,100.99
1.0,2.81
61.0,63.93
113.0,114.84
7.0,6.58
131.0,135.96
31.0,31.23
49.0,48.42
52.0,54.56
83.0,84.92
57.0,58.32
103.0,102.72
91.0,89.94
10.0,13.14
70.0,69.77
65.0,64.24
93.0,94.59
128.0,139.62
11.0,11.03
10.0,9.93
29.0,29.02
50.0,48.54
103.0,104.15
151.0,149.47
17.0,18.36
159.0,155.41
90.0,87.7
51.0,48.03
69.0,62.99
220.0,208.62
17.0,16.33
69.0,71.01
11.0,11.73
196.0,194.85
14.0,13.82
78.0,75.16
49.0,45.72
14.0,13.57
10.0,10.47
137.0,136.74
90.0,94.8
97.0,98.06
33.0,34.85
88.0,86.94
53.0,59.61
23.0,20.33
152.0,153.6
49.0,51.36
201.0,199.94
47.0,45.62
81.0,82.35
129.0,125.23
45.0,52.64
61.0,61.81
62.0,60.81
164.0,170.58
11.0,10.75
23.0,24.09
60.0,64.51
236.0,230.29
53.0,50.55
90.0,90.97
23.0,23.62
4.0,3.86
22.0,26.04
112.0,113.56
12.0,12.62
161.0,162.64
111.0,115.17
137.0,137.28
56.0,56.93
227.0,214.09
90.0,89.85
197.0,207.69
136.0,136.85
101.0,106.07
233.0,222.81
72.0,72.89
108.0,108.36
71.0,70.35
96.0,97.03
97.0,97.34
6.0,5.92
51.0,54.35
189.0,190.97
22.0,21.61
136.0,137.34
111.0,107.18
49.0,48.0
133.0,131.0
35.0,35.65
10.0,9.97
127.0,130.02
80.0,78.71
41.0,40.43
159.0,158.33
196.0,195.62
69.0,69.12
191.0,193.24
107.0,108.4
132.0,131.12
133.0,132.57
132.0,129.24
26.0,23.16
89.0,82.75
181.0,179.43
14.0,15.36
122.0,129.78
53.0,53.03
144.0,142.89
52.0,51.23
39.0,39.18
152.0,156.79
45.0,43.84
53.0,54.62
137.0,136.52
10.0,19.26
161.0,160.65
8.0,8.31
83.0,83.98
58.0,64.47
11.0,10.59
13.0,12.38
92.0,91.47
52.0,51.53
117.0,113.32
23.0,21.18
4.0,3.71
190.0,188.96
29.0,31.26
112.0,111.04
94.0,114.34
108.0,106.36
77.0,71.14
142.0,139.6
93.0,105.19
108.0,109.27
162.0,160.74
16.0,19.2
45.0,45.47
112.0,112.9
37.0,37.58
180.0,180.62
15.0,12.7
42.0,45.8
16.0,15.99
221.0,219.56
63.0,68.22
207.0,205.83
109.0,108.75
40.0,41.38
98.0,95.87
211.0,204.58
150.0,151.74
183.0,183.58
23.0,23.29
156.0,154.77
196.0,193.86
87.0,87.29
73.0,75.85
140.0,127.77
197.0,188.27
115.0,109.54
210.0,207.85
14.0,13.4
165.0,163.93
70.0,68.03
106.0,105.91
137.0,137.17
215.0,216.51
55.0,54.29
17.0,14.26
128.0,128.63
12.0,11.43
11.0,10.58
82.0,83.21
50.0,51.19
46.0,48.15
86.0,85.95
132.0,130.23
62.0,61.7
164.0,161.95
30.0,29.54
103.0,102.81
167.0,151.25
148.0,139.95
93.0,90.4
26.0,25.52
30.0,29.26
38.0,36.64
169.0,168.91
125.0,123.31
72.0,71.7
131.0,131.65
197.0,194.33
91.0,90.74
17.0,16.26
72.0,73.76
65.0,61.78
36.0,34.02
212.0,210.03
124.0,120.66
119.0,117.52
92.0,92.07
107.0,106.87
141.0,137.75
14.0,17.84
178.0,175.34
94.0,95.8
4.0,3.99
87.0,92.14
167.0,168.33
111.0,119.29
32.0,31.75
110.0,102.91
67.0,65.76
46.0,45.92
8.0,8.14
56.0,57.68
148.0,150.17
114.0,121.35
190.0,186.18
37.0,37.32
177.0,174.73
222.0,225.17
47.0,44.05
166.0,167.26
197.0,194.9
41.0,39.07
17.0,16.71
211.0,211.04
50.0,49.59
4.0,4.0
43.0,43.01
105.0,105.84
157.0,160.46
30.0,28.16
134.0,137.01
12.0,10.95
129.0,131.51
12.0,10.77
45.0,45.59
177.0,176.08
139.0,137.83
19.0,19.49
90.0,88.53
11.0,9.91
4.0,3.98
3.0,3.24
146.0,147.09
56.0,57.45
13.0,12.74
182.0,176.92
15.0,15.12
189.0,183.45
12.0,11.83
34.0,32.18
93.0,91.21
86.0,90.59
21.0,20.93
40.0,38.34
11.0,10.88
31.0,30.95
4.0,3.84
114.0,113.92
129.0,129.48
6.0,6.05
169.0,166.02
64.0,63.78
68.0,68.09
158.0,158.49
33.0,33.91
78.0,76.09
115.0,110.59
7.0,7.0
49.0,46.22
37.0,29.71
10.0,13.03
55.0,55.18
41.0,41.9
143.0,147.24
45.0,43.84
29.0,29.33
23.0,23.21
24.0,24.8
132.0,130.31
135.0,139.94
44.0,43.82
175.0,171.77
24.0,23.92
101.0,100.51
11.0,11.1
60.0,61.52
110.0,115.42
113.0,111.89
4.0,3.79
146.0,145.95
137.0,135.65
41.0,40.55
137.0,136.27
70.0,67.67
105.0,102.4
62.0,63.17
44.0,37.77
62.0,60.58
81.0,83.0
59.0,60.84
141.0,132.35
121.0,121.27
34.0,32.66
32.0,30.51
5.0,11.26
16.0,15.3
132.0,137.91
15.0,14.85
176.0,166.71
14.0,14.15
18.0,20.73
123.0,123.82
24.0,26.58
167.0,166.22
115.0,113.62
143.0,142.3
28.0,29.25
48.0,54.09
63.0,67.54
15.0,16.42
117.0,122.36
20.0,19.22
185.0,190.33
69.0,68.24
184.0,182.71
77.0,74.61
12.0,11.41
26.0,24.97
27.0,26.02
52.0,51.86
42.0,45.76
132.0,133.22
98.0,98.16
22.0,22.77
157.0,153.41
180.0,174.26
152.0,145.14
26.0,28.93
32.0,32.64
76.0,73.7
38.0,35.12
57.0,54.65
71.0,70.99
162.0,163.28
31.0,32.67
51.0,50.39
76.0,76.93
108.0,112.93
88.0,94.49
60.0,60.03
6.0,5.93
12.0,13.76
164.0,162.65
71.0,75.77
121.0,121.01
58.0,57.75
214.0,207.76
23.0,20.81
69.0,68.05
41.0,39.08
132.0,135.26
5.0,5.36
68.0,67.01
39.0,39.43
215.0,207.37
1.0,1.64
4.0,3.62
69.0,67.74
230.0,225.43
15.0,13.19
189.0,186.77
64.0,63.29
119.0,114.78
178.0,178.28
116.0,114.19
70.0,71.23
152.0,171.21
55.0,47.94
39.0,39.64
190.0,190.87
117.0,115.57
104.0,104.22
9.0,9.62
29.0,28.13
33.0,33.61
71.0,77.54
148.0,148.99
97.0,102.72
94.0,107.63
173.0,179.66
187.0,182.45
64.0,61.85
9.0,8.24
54.0,54.29
220.0,217.99
198.0,199.33
33.0,32.12
10.0,10.09
6.0,8.79
12.0,10.96
109.0,105.75
3.0,3.66
25.0,24.19
91.0,88.64
232.0,224.47
49.0,46.5
43.0,43.08
64.0,63.88
216.0,212.58
185.0,184.41
107.0,110.24
59.0,59.04
69.0,66.69
213.0,208.39
97.0,110.72
61.0,67.4
73.0,75.28
197.0,195.35
104.0,109.16
105.0,105.37
134.0,132.61
225.0,223.18
23.0,21.56
100.0,103.74
46.0,50.44
69.0,66.02
15.0,14.77
26.0,25.02
259.0,253.04
158.0,158.2
179.0,182.83
13.0,13.59
15.0,17.2
16.0,16.63
131.0,147.94
131.0,135.43
166.0,166.35
26.0,25.87
174.0,176.9
89.0,89.62
117.0,111.76
75.0,73.6
6.0,6.26
215.0,214.52
39.0,39.14
44.0,42.89
136.0,133.5
208.0,202.02
110.0,108.51
115.0,112.97
19.0,17.37
10.0,9.95
57.0,59.9
126.0,123.29
139.0,148.28
99.0,100.4
158.0,160.4
118.0,126.58
27.0,30.87
120.0,121.44
72.0,70.37
53.0,56.56
30.0,29.23
6.0,5.51
45.0,46.6
160.0,156.73
165.0,157.3
32.0,34.32
110.0,109.06
165.0,164.97
41.0,45.29
117.0,118.57
104.0,107.68
86.0,85.59
120.0,116.86
43.0,42.28
98.0,112.24
16.0,15.18
30.0,28.44
50.0,50.73
68.0,65.46
80.0,81.2
79.0,81.77
55.0,55.37
22.0,20.22
259.0,253.03
61.0,60.86
41.0,38.49
31.0,31.54
147.0,150.84
36.0,35.5
5.0,5.27
106.0,103.33
90.0,87.93
120.0,118.01
8.0,7.75
101.0,98.24
68.0,65.52
42.0,42.33
7.0,6.27
47.0,46.06
156.0,158.36
138.0,139.32
13.0,14.12
35.0,36.14
207.0,205.62
157.0,155.98
88.0,93.97
166.0,169.6
175.0,175.96
28.0,23.99
55.0,56.05
16.0,16.33
66.0,69.1
196.0,194.17
132.0,137.78
52.0,51.29
32.0,31.41
133.0,131.53
8.0,7.49
37.0,38.2
140.0,139.91
20.0,17.88
17.0,16.23
52.0,51.97
14.0,13.77
62.0,60.61
159.0,157.21
187.0,189.38
74.0,76.2
8.0,7.7
10.0,14.83
64.0,62.84
8.0,7.47
92.0,93.68
136.0,136.78
88.0,86.66
64.0,65.36
11.0,9.75
106.0,109.3
69.0,69.57
6.0,6.77
61.0,63.72
19.0,21.54
98.0,98.59
110.0,107.53
133.0,131.72
43.0,45.02
8.0,7.27
187.0,182.69
142.0,139.81
172.0,168.62
41.0,40.67
138.0,140.88
18.0,18.97
23.0,24.21
57.0,55.67
231.0,197.15
29.0,29.62
153.0,154.35
65.0,76.94
101.0,99.8
77.0,82.44
7.0,6.93
129.0,131.56
46.0,45.29
23.0,25.18
27.0,27.92
197.0,199.57
10.0,10.16
118.0,117.13
137.0,135.58
31.0,28.27
134.0,133.28
54.0,54.51
51.0,52.68
113.0,111.93
55.0,54.05
196.0,190.47
112.0,113.81
165.0,164.57
194.0,195.38
32.0,32.71
180.0,180.1
152.0,152.55
216.0,216.19
160.0,153.73
153.0,152.46
11.0,15.83
136.0,135.73
189.0,192.82
10.0,10.64
169.0,171.8
38.0,35.68
68.0,65.87
28.0,24.87
172.0,171.57
28.0,26.94
146.0,142.85
66.0,66.14
17.0,17.43
27.0,28.0
135.0,130.94
169.0,163.46
88.0,86.1
67.0,66.97
16.0,15.49
223.0,217.71
96.0,94.25
4.0,3.49
10.0,9.14
80.0,76.97
30.0,31.04
7.0,6.65
115.0,114.05
143.0,142.2
49.0,46.98
163.0,163.26
3.0,3.72
92.0,83.04
190.0,191.73
81.0,80.8
41.0,35.35
84.0,89.24
175.0,185.7
13.0,12.64
110.0,109.32
163.0,162.73
157.0,153.89
21.0,21.1
110.0,108.7
86.0,93.57
30.0,35.65
174.0,173.48
160.0,161.66
88.0,89.0
142.0,143.08
83.0,79.68
82.0,82.38
133.0,133.63
53.0,49.66
9.0,8.39
152.0,148.89
168.0,165.05
45.0,45.84
4.0,3.86
153.0,150.86
18.0,18.17
70.0,68.77
170.0,167.19
127.0,126.42
67.0,66.47
12.0,13.14
102.0,99.76
31.0,44.95
63.0,62.27
40.0,39.65
18.0,16.53
147.0,145.43
14.0,13.35
245.0,239.6
156.0,154.11
30.0,28.99
141.0,140.98
142.0,142.68
5.0,4.9
64.0,64.87
11.0,11.05
80.0,78.11
147.0,148.72
91.0,90.37
183.0,176.41
64.0,62.52
57.0,56.2
42.0,40.71
200.0,204.77
7.0,7.87
118.0,118.49
128.0,133.84
63.0,64.17
141.0,143.85
90.0,93.62
113.0,112.66
128.0,130.74
198.0,193.51
158.0,156.54
168.0,167.73
22.0,21.1
90.0,89.23
114.0,115.56
217.0,206.3
123.0,125.35
136.0,136.42
120.0,120.89
150.0,147.81
61.0,59.45
95.0,94.53
156.0,157.46
23.0,22.83
98.0,104.29
54.0,55.0
50.0,45.98
4.0,3.35
112.0,112.63
133.0,129.94
80.0,79.4
144.0,140.25
11.0,10.47
34.0,31.16
123.0,119.83
131.0,128.18
193.0,193.42
168.0,165.67
93.0,93.62
266.0,255.69
169.0,167.88
105.0,109.81
93.0,88.18
2.0,2.34
39.0,39.01
37.0,40.01
119.0,115.84
68.0,66.38
43.0,39.48
18.0,19.0
18.0,17.72
152.0,150.89
171.0,170.67
160.0,165.36
8.0,8.06
61.0,62.87
13.0,12.32
127.0,128.41
152.0,149.36
169.0,164.85
208.0,210.48
33.0,33.28
94.0,95.0
7.0,7.2
44.0,45.84
41.0,43.3
43.0,42.72
25.0,24.72
7.0,6.72
210.0,205.93
76.0,82.15
65.0,63.02
33.0,32.63
142.0,171.03
235.0,237.93
147.0,145.09
23.0,22.02
109.0,110.56
20.0,18.64
75.0,72.94
105.0,106.02
47.0,43.84
237.0,233.17
134.0,137.79
11.0,10.55
94.0,87.82
210.0,209.39
138.0,140.05
6.0,5.14
159.0,157.4
136.0,134.44
133.0,128.2
166.0,177.88
38.0,41.2
71.0,73.56
59.0,62.12
205.0,206.69
118.0,120.05
2.0,3.72
40.0,43.18
185.0,185.37
39.0,37.77
208.0,203.97
55.0,50.89
28.0,28.23
104.0,103.55
94.0,90.28
217.0,205.39
148.0,153.34
56.0,53.9
103.0,107.05
58.0,58.5
94.0,94.84
128.0,124.23
7.0,7.25
135.0,128.81
107.0,103.04
38.0,37.58
31.0,30.12
167.0,164.37
154.0,154.02
60.0,59.83
49.0,48.77
14.0,14.9
84.0,81.3
88.0,86.6
59.0,66.22
162.0,163.61
159.0,158.01
28.0,26.2
40.0,39.64
9.0,9.34
149.0,146.07
15.0,18.39
150.0,149.97
11.0,11.74
3.0,3.16
7.0,7.15
12.0,13.49
128.0,126.24
156.0,153.15
78.0,81.12
21.0,22.86
60.0,60.57
150.0,149.73
99.0,96.06
156.0,158.23
17.0,16.82
19.0,21.91
189.0,198.52
45.0,44.16
42.0,41.09
124.0,124.82
12.0,12.37
75.0,71.72
36.0,37.49
80.0,79.6
236.0,229.86
34.0,33.63
112.0,112.95
32.0,30.94
61.0,61.9
103.0,102.05
47.0,47.36
111.0,116.25
28.0,28.45
179.0,176.75
10.0,9.9
56.0,56.67
200.0,188.51
154.0,153.74
58.0,59.1
36.0,35.66
60.0,59.27
91.0,87.89
8.0,8.11
103.0,108.33
87.0,86.51
192.0,188.52
70.0,70.33
166.0,166.78
10.0,9.82
129.0,126.36
13.0,13.98
15.0,16.28
6.0,5.72
153.0,152.85
23.0,21.66
62.0,62.42
162.0,168.59
193.0,196.28
15.0,13.77
119.0,116.34
39.0,39.01
91.0,91.67
143.0,142.82
2.0,2.15
64.0,65.81
60.0,59.64
129.0,128.63
138.0,144.3
20.0,19.33
5.0,5.72
28.0,28.43
32.0,32.52
111.0,105.88
9.0,8.25
30.0,28.48
89.0,89.89
156.0,157.34
191.0,183.45
117.0,115.18
163.0,168.97
175.0,175.21
86.0,89.68
6.0,6.5
54.0,50.44
8.0,8.56
153.0,152.81
121.0,123.33
165.0,177.77
27.0,26.09
12.0,12.48
103.0,101.83
185.0,185.82
96.0,100.94
161.0,158.95
91.0,86.17
132.0,128.22
36.0,35.06
69.0,74.28
29.0,29.64
252.0,252.1
23.0,23.37
156.0,153.68
32.0,31.5
98.0,93.49
134.0,134.7
100.0,103.78
8.0,7.36
155.0,158.56
130.0,155.18
93.0,94.4
44.0,45.4
196.0,192.6
142.0,141.66
99.0,100.5
14.0,13.17
144.0,142.75
165.0,173.13
111.0,105.17
185.0,187.12
65.0,62.77
101.0,103.97
146.0,139.12
158.0,155.09
67.0,69.17
23.0,22.07
13.0,13.54
80.0,78.41
161.0,160.56
44.0,42.1
55.0,55.6
126.0,127.2
166.0,166.94
12.0,12.22
140.0,139.72
7.0,7.01
44.0,44.73
13.0,13.18
88.0,88.15
8.0,10.12
56.0,54.67
22.0,22.15
31.0,36.53
68.0,66.33
96.0,95.33
186.0,187.82
66.0,65.51
178.0,177.88
102.0,103.69
180.0,179.16
120.0,120.28
73.0,73.33
134.0,133.3
153.0,154.47
71.0,69.62
32.0,30.58
68.0,68.31
151.0,151.88
83.0,81.93
42.0,38.71
91.0,90.67
96.0,95.19
138.0,148.96
17.0,16.86
12.0,11.77
172.0,168.72
20.0,18.77
106.0,108.66
156.0,152.54
35.0,30.97
96.0,96.22
70.0,73.22
72.0,72.22
197.0,199.86
104.0,103.04
186.0,185.07
54.0,51.51
29.0,28.31
82.0,85.23
13.0,12.88
28.0,22.61
26.0,19.11
240.0,206.69
90.0,87.79
3.0,3.17
200.0,203.48
122.0,121.52
72.0,77.26
180.0,177.77
137.0,141.69
19.0,20.25
121.0,120.21
16.0,16.12
121.0,114.21
35.0,35.25
88.0,86.92
133.0,138.36
48.0,48.48
132.0,131.67
88.0,86.79
24.0,23.37
13.0,15.74
167.0,151.83
43.0,44.86
61.0,62.88
100.0,100.51
57.0,56.71
239.0,227.46
53.0,56.54
105.0,104.61
20.0,20.55
162.0,161.55
91.0,89.7
22.0,22.14
203.0,202.23
65.0,67.03
174.0,183.07
20.0,20.86
66.0,67.23
36.0,35.47
206.0,205.8
125.0,125.67
136.0,136.12
82.0,82.35
99.0,97.6
140.0,136.25
143.0,144.17
150.0,149.27
60.0,64.87
110.0,111.58
230.0,220.33
78.0,77.28
104.0,102.88
120.0,137.37
45.0,60.8
243.0,240.16
115.0,120.59
211.0,214.1
48.0,55.92
48.0,50.22
192.0,190.78
107.0,103.46
98.0,99.11
154.0,146.08
79.0,77.76
180.0,179.81
73.0,72.18
189.0,189.53
84.0,84.86
179.0,168.35
109.0,108.77
128.0,128.12
29.0,21.89
50.0,51.66
80.0,78.22
137.0,134.38
80.0,79.18
63.0,58.93
138.0,135.97
194.0,193.75
161.0,157.72
81.0,84.59
198.0,190.67
29.0,27.97
160.0,157.0
95.0,97.08
48.0,46.25
123.0,120.48
54.0,58.04
114.0,122.27
22.0,26.95
54.0,55.78
123.0,123.81
153.0,151.32
261.0,252.82
7.0,6.33
123.0,122.34
28.0,27.97
108.0,107.09
43.0,41.23
75.0,74.08
135.0,131.83
96.0,91.46
170.0,173.74
9.0,9.67
54.0,57.58
20.0,20.28
104.0,103.29
92.0,90.75
31.0,31.33
53.0,49.88
157.0,158.44
20.0,20.03
85.0,86.41
134.0,126.94
24.0,23.67
218.0,217.83
171.0,172.86
27.0,22.96
29.0,25.65
109.0,108.03
171.0,169.54
32.0,32.09
222.0,220.41
266.0,259.92
93.0,93.99
189.0,191.76
192.0,188.06
70.0,63.77
74.0,72.59
13.0,13.17
99.0,98.29
28.0,28.21
8.0,10.93
164.0,161.37
196.0,196.11
60.0,65.1
175.0,170.63
131.0,130.2
77.0,76.31
73.0,75.07
20.0,19.52
168.0,163.63
152.0,153.05
193.0,177.16
168.0,168.93
41.0,39.07
146.0,144.87
111.0,109.53
85.0,85.2
18.0,18.05
4.0,4.19
216.0,210.93
10.0,10.06
66.0,64.59
28.0,25.91
167.0,171.94
125.0,119.12
50.0,52.28
23.0,21.93
70.0,70.53
183.0,181.72
70.0,69.25
7.0,6.81
11.0,10.06
112.0,123.42
2.0,2.59
56.0,57.71
166.0,166.29
23.0,22.91
50.0,46.87
111.0,113.8
57.0,57.42
133.0,129.72
194.0,199.02
122.0,123.75
172.0,173.09
43.0,47.3
75.0,81.46
44.0,48.23
114.0,106.74
108.0,106.44
47.0,46.33
16.0,14.36
10.0,8.67
82.0,86.64
64.0,62.49
61.0,77.07
196.0,192.94
180.0,182.27
190.0,187.34
7.0,7.08
91.0,90.86
76.0,75.85
4.0,4.15
24.0,33.24
234.0,228.51
81.0,79.41
145.0,146.11
100.0,102.04
50.0,50.93
131.0,131.16
20.0,21.13
118.0,116.29
221.0,222.78
103.0,94.39
24.0,23.88
224.0,217.16
25.0,27.7
97.0,95.42
15.0,13.65
63.0,62.6
202.0,200.54
205.0,214.23
48.0,48.42
9.0,9.39
79.0,74.58
63.0,61.99
6.0,12.85
172.0,174.36
108.0,105.62
50.0,47.05
4.0,4.13
113.0,124.21
94.0,95.38
39.0,41.34
36.0,33.34
63.0,63.18
147.0,144.53
166.0,165.06
142.0,140.26
8.0,7.99
57.0,57.41
41.0,40.22
30.0,28.77
179.0,184.93
165.0,165.0
142.0,141.41
7.0,7.24
42.0,40.72
216.0,189.45
86.0,83.13
78.0,77.44
52.0,53.52
5.0,5.15
207.0,207.25
187.0,187.34
204.0,203.7
36.0,37.19
17.0,17.23
162.0,164.96
96.0,106.43
71.0,70.37
58.0,68.96
68.0,66.56
62.0,65.26
26.0,26.46
28.0,28.29
47.0,47.21
18.0,18.54
46.0,44.02
12.0,12.04
11.0,10.81
41.0,36.4
129.0,130.75
137.0,134.56
4.0,3.99
34.0,33.69
68.0,69.85
115.0,108.73
113.0,116.57
19.0,19.77
78.0,73.09
44.0,43.43
117.0,117.31
226.0,205.26
87.0,86.68
79.0,78.96
90.0,85.52
17.0,16.19
11.0,11.3
175.0,177.34
35.0,34.6
95.0,93.53
107.0,110.71
60.0,59.84
27.0,25.4
197.0,198.17
122.0,120.32
217.0,209.7
86.0,84.32
135.0,133.52
134.0,129.25
35.0,35.82
51.0,51.03
43.0,42.36
21.0,20.61
32.0,30.02
70.0,74.1
60.0,59.72
193.0,193.02
173.0,170.32
27.0,26.5
20.0,19.53
121.0,113.65
165.0,174.38
57.0,57.61
190.0,181.87
144.0,141.06
62.0,64.13
29.0,42.8
32.0,34.36
239.0,242.84
55.0,56.23
168.0,155.89
203.0,202.64
59.0,55.74
71.0,70.05
44.0,47.35
149.0,152.21
182.0,174.41
94.0,92.6
37.0,36.82
35.0,34.67
131.0,129.79
47.0,50.09
130.0,130.44
146.0,144.64
145.0,144.17
17.0,17.72
47.0,46.01
187.0,188.59
62.0,63.72
111.0,100.05
174.0,174.55
21.0,20.89
41.0,44.77
27.0,27.2
98.0,98.7
102.0,95.69
72.0,74.85
165.0,159.41
105.0,103.7
140.0,144.06
17.0,16.83
81.0,77.82
140.0,137.78
19.0,18.9
83.0,79.16
67.0,69.61
23.0,27.17
94.0,93.25
31.0,34.04
161.0,164.95
198.0,196.3
195.0,192.21
3.0,4.58
158.0,161.63
155.0,153.45
230.0,227.57
138.0,144.14
88.0,86.2
32.0,31.58
101.0,99.11
140.0,145.56
138.0,140.19
49.0,47.74
216.0,225.69
8.0,7.89
35.0,30.5
147.0,154.15
174.0,174.99
80.0,80.48
178.0,177.41
40.0,40.02
34.0,34.2
19.0,19.66
28.0,27.91
179.0,177.21
61.0,57.93
88.0,83.66
52.0,50.87
32.0,31.99
76.0,90.94
84.0,77.38
33.0,33.97
196.0,194.39
21.0,21.03
180.0,170.87
75.0,73.59
73.0,70.03
88.0,88.01
40.0,39.44
36.0,36.17
76.0,74.3
143.0,142.99
30.0,29.76
94.0,95.63
200.0,201.98
211.0,208.28
95.0,100.71
42.0,39.7
159.0,157.8
29.0,27.12
115.0,117.64
158.0,158.5
99.0,98.28
16.0,16.41
29.0,29.05
166.0,165.54
9.0,9.02
92.0,88.86
61.0,60.65
40.0,44.01
52.0,49.91
212.0,195.32
167.0,166.57
10.0,9.45
179.0,176.51
124.0,122.62
87.0,83.53
144.0,149.98
72.0,71.61
51.0,53.27
63.0,63.53
203.0,186.41
167.0,169.43
34.0,36.02
97.0,97.85
112.0,109.65
76.0,80.09
36.0,34.62
119.0,123.96
4.0,4.06
34.0,34.64
129.0,127.27
166.0,169.18
107.0,107.44
57.0,57.88
114.0,117.64
164.0,161.5
79.0,77.89
29.0,28.67
98.0,98.64
21.0,20.26
31.0,34.98
119.0,117.54
115.0,114.52
167.0,170.92
3.0,3.7
64.0,81.76
144.0,143.89
23.0,27.46
127.0,127.68
82.0,81.01
141.0,147.72
99.0,106.24
67.0,64.87
27.0,26.1
179.0,177.91
165.0,162.38
102.0,102.49
29.0,32.24
7.0,7.04
170.0,172.76
54.0,53.7
86.0,85.41
101.0,100.83
174.0,177.41
16.0,16.15
40.0,38.04
119.0,118.06
163.0,165.73
182.0,178.09
35.0,35.94
1.0,1.96
42.0,41.99
92.0,91.55
91.0,91.12
44.0,45.59
53.0,50.48
151.0,152.53
183.0,187.28
120.0,118.86
5.0,5.68
31.0,31.0
91.0,91.32
186.0,190.94
80.0,78.71
202.0,205.28
197.0,185.9
95.0,96.05
142.0,139.63
121.0,115.05
104.0,102.46
45.0,40.86
64.0,58.05
36.0,36.3
221.0,218.54
17.0,17.12
76.0,75.02
112.0,111.7
13.0,16.5
95.0,93.55
9.0,8.56
190.0,188.52
167.0,162.4
149.0,148.65
56.0,57.52
89.0,90.16
18.0,20.17
65.0,63.3
14.0,16.68
150.0,147.45
12.0,12.18
132.0,132.91
47.0,46.84
84.0,86.13
68.0,67.09
54.0,53.92
61.0,61.43
48.0,47.3
33.0,32.29
82.0,73.04
82.0,89.97
118.0,114.97
127.0,123.81
43.0,45.8
57.0,54.67
111.0,108.89
79.0,79.93
211.0,210.51
123.0,120.56
73.0,79.7
84.0,81.17
35.0,34.84
134.0,133.21
142.0,139.92
92.0,91.87
74.0,71.21
16.0,17.27
67.0,65.88
118.0,113.25
63.0,62.33
3.0,3.74
60.0,58.57
171.0,170.93
155.0,159.46
76.0,75.69
52.0,50.52
149.0,154.56
147.0,145.27
37.0,37.2
78.0,68.69
63.0,64.96
178.0,182.13
130.0,131.99
99.0,91.64
7.0,6.06
33.0,33.74
203.0,200.56
28.0,26.55
15.0,14.95
17.0,19.76
67.0,67.94
174.0,178.82
55.0,56.7
50.0,43.8
179.0,179.5
10.0,11.04
108.0,110.08
58.0,57.51
83.0,80.34
193.0,192.07
15.0,14.64
114.0,117.73
34.0,34.5
167.0,165.12
167.0,170.78
136.0,136.12
163.0,163.9
211.0,212.02
56.0,55.43
32.0,31.09
18.0,17.95
68.0,67.36
141.0,146.89
190.0,190.71
116.0,116.58
156.0,159.71
61.0,60.37
207.0,207.88
94.0,92.41
121.0,118.5
5.0,4.78
177.0,168.3
156.0,136.71
145.0,147.41
169.0,167.2
48.0,47.33
56.0,54.78
152.0,147.66
42.0,41.09
165.0,164.57
131.0,153.2
16.0,14.68
198.0,188.0
52.0,52.51
135.0,141.47
112.0,112.07
62.0,58.79
192.0,196.01
29.0,27.07
193.0,194.23
33.0,32.71
26.0,26.2
210.0,214.87
60.0,59.86
67.0,63.9
11.0,11.46
170.0,169.68
177.0,177.9
69.0,67.67
65.0,65.88
96.0,95.53
109.0,113.82
52.0,52.67
7.0,6.92
139.0,136.4
82.0,84.56
146.0,146.66
128.0,126.51
124.0,126.19
203.0,199.96
232.0,234.46
12.0,12.16
134.0,129.02
28.0,29.6
149.0,149.97
182.0,182.47
55.0,54.49
70.0,66.21
4.0,4.21
97.0,97.9
229.0,226.41
59.0,60.44
225.0,222.74
217.0,212.28
154.0,156.62
140.0,144.38
8.0,7.39
74.0,72.26
102.0,112.21
95.0,95.41
116.0,110.56
51.0,47.66
75.0,80.82
209.0,197.55
66.0,66.77
65.0,63.67
116.0,114.32
98.0,99.91
47.0,47.32
117.0,118.14
19.0,20.24
112.0,112.89
116.0,117.33
196.0,200.44
20.0,19.17
10.0,12.18
87.0,85.9
93.0,94.3
146.0,147.25
177.0,172.46
150.0,148.98
62.0,62.8
122.0,128.87
120.0,123.24
55.0,57.29
120.0,119.28
16.0,15.27
135.0,133.93
160.0,158.92
143.0,142.97
111.0,107.02
80.0,82.81
36.0,35.95
171.0,165.79
193.0,194.99
28.0,30.52
45.0,44.11
85.0,87.53
265.0,246.24
63.0,73.24
182.0,182.53
84.0,82.9
4.0,3.73
185.0,184.55
142.0,143.36
39.0,39.46
158.0,158.09
16.0,17.55
2.0,2.19
74.0,73.11
193.0,186.45
125.0,124.53
98.0,97.95
31.0,31.36
10.0,9.99
252.0,238.75
195.0,196.76
8.0,8.17
36.0,39.33
157.0,154.77
51.0,53.59
104.0,101.92
115.0,113.68
80.0,82.8
125.0,122.98
136.0,134.7
200.0,239.25
37.0,37.29
75.0,72.2
153.0,151.64
48.0,45.33
104.0,103.09
113.0,111.26
201.0,197.51
156.0,156.69
26.0,25.82
36.0,40.45
12.0,13.52
92.0,91.4
63.0,63.36
89.0,94.73
12.0,11.59
89.0,92.5
4.0,4.86
121.0,119.27
8.0,7.7
138.0,137.47
159.0,173.05
60.0,54.51
8.0,7.23
23.0,22.88
174.0,173.08
11.0,10.97
76.0,74.75
83.0,82.98
38.0,37.83
62.0,60.34
91.0,88.06
119.0,131.06
142.0,140.65
5.0,7.25
3.0,3.31
67.0,67.78
43.0,41.37
71.0,67.14
7.0,6.62
84.0,84.98
21.0,18.04
37.0,33.79
22.0,21.29
44.0,44.99
135.0,128.23
71.0,73.2
32.0,29.92
114.0,112.87
84.0,84.09
110.0,115.73
17.0,14.66
192.0,192.99
8.0,7.59
117.0,117.53
36.0,37.19
26.0,27.03
17.0,22.59
39.0,39.17
42.0,42.26
26.0,26.45
66.0,65.94
9.0,8.5
150.0,147.53
161.0,160.08
63.0,61.92
175.0,172.78
200.0,199.22
81.0,82.35
152.0,141.93
214.0,206.98
169.0,165.71
79.0,81.5
264.0,255.17
3.0,3.39
57.0,56.92
111.0,113.78
144.0,140.77
211.0,203.01
77.0,76.75
47.0,47.65
36.0,40.17
2.0,4.57
76.0,75.48
115.0,117.32
13.0,13.34
28.0,28.81
23.0,22.93
20.0,20.76
38.0,36.6
192.0,188.1
53.0,51.79
59.0,55.55
264.0,228.94
3.0,3.07
47.0,46.9
52.0,51.56
103.0,102.54
30.0,28.6
23.0,22.68
78.0,75.39
98.0,97.51
27.0,27.53
249.0,251.36
2.0,2.44
70.0,63.07
67.0,65.35
75.0,71.96
54.0,53.86
92.0,95.65
27.0,27.46
25.0,25.09
18.0,18.75
18.0,18.56
177.0,179.26
259.0,254.2
105.0,109.43
201.0,199.12
107.0,112.97
32.0,31.24
193.0,195.55
121.0,124.87
103.0,107.85
252.0,250.87
70.0,65.3
80.0,79.44
100.0,97.99
141.0,137.07
26.0,25.14
63.0,64.05
188.0,190.45
40.0,43.91
32.0,32.23
135.0,148.41
88.0,91.42
109.0,107.92
139.0,138.32
103.0,104.93
30.0,31.64
112.0,106.84
268.0,259.51
181.0,181.93
156.0,150.77
36.0,36.17
27.0,27.15
20.0,21.87
61.0,61.21
80.0,79.19
40.0,40.2
117.0,117.28
204.0,200.8
11.0,10.96
157.0,157.85
95.0,94.97
81.0,78.19
111.0,108.42
11.0,8.95
49.0,44.25
52.0,60.45
158.0,164.49
101.0,97.27
54.0,49.62
4.0,4.59
26.0,27.32
11.0,11.27
30.0,31.05
127.0,126.71
109.0,109.78
70.0,68.23
192.0,183.66
4.0,4.01
156.0,155.88
6.0,9.87
25.0,25.71
47.0,46.59
34.0,34.06
7.0,5.92
13.0,12.9
98.0,97.46
7.0,7.82
158.0,154.23
96.0,106.48
17.0,17.82
58.0,61.82
156.0,154.54
86.0,89.27
18.0,17.68
204.0,199.12
186.0,187.27
29.0,31.27
112.0,112.39
10.0,10.36
112.0,119.63
20.0,21.47
158.0,166.59
207.0,206.1
72.0,70.63
247.0,247.32
35.0,37.31
74.0,69.48
113.0,113.04
98.0,97.35
60.0,59.49
106.0,109.56
31.0,31.77
244.0,242.51
28.0,29.85
230.0,232.05
140.0,139.25
25.0,25.39
13.0,13.09
178.0,178.02
91.0,86.73
89.0,89.05
174.0,168.67
35.0,35.62
118.0,114.87
61.0,59.52
49.0,44.08
11.0,12.86
85.0,83.15
47.0,47.82
6.0,6.75
93.0,91.47
188.0,193.27
50.0,50.35
94.0,88.91
157.0,151.01
56.0,49.59
20.0,18.24
145.0,140.65
41.0,39.18
161.0,158.7
29.0,24.2
108.0,109.18
22.0,22.88
79.0,77.48
72.0,72.97
17.0,19.36
158.0,158.85
17.0,21.52
130.0,127.83
10.0,9.22
5.0,5.53
18.0,15.74
164.0,162.92
99.0,97.33
17.0,15.65
29.0,26.17
85.0,82.29
4.0,4.54
59.0,59.86
72.0,72.21
151.0,153.29
9.0,12.89
147.0,143.57
135.0,139.2
47.0,55.23
126.0,126.61
110.0,104.94
14.0,17.3
149.0,143.93
39.0,32.75
30.0,28.8
22.0,23.01
34.0,33.57
174.0,181.92
107.0,105.59
142.0,140.58
87.0,85.96
65.0,63.21
69.0,68.21
186.0,187.43
27.0,27.02
135.0,134.69
191.0,190.37
100.0,94.09
101.0,100.61
158.0,149.53
10.0,11.16
22.0,21.71
125.0,125.38
52.0,56.87
18.0,17.24
94.0,93.02
78.0,75.55
155.0,151.48
10.0,9.95
287.0,264.81
11.0,11.05
81.0,81.74
41.0,40.79
34.0,34.25
185.0,190.2
16.0,16.63
95.0,97.43
39.0,40.46
10.0,9.6
162.0,159.64
82.0,88.79
52.0,51.74
189.0,185.76
145.0,148.37
142.0,139.33
153.0,153.6
171.0,168.65
180.0,178.7
210.0,207.41
102.0,100.89
147.0,148.62
134.0,135.18
52.0,53.92
144.0,144.29
108.0,108.78
26.0,25.47
154.0,156.07
23.0,22.05
116.0,114.66
25.0,21.29
14.0,14.7
22.0,21.47
45.0,45.46
15.0,17.19
165.0,169.61
80.0,81.69
94.0,92.56
101.0,112.14
43.0,39.9
175.0,173.88
74.0,75.15
87.0,89.87
69.0,70.32
165.0,160.54
99.0,97.71
102.0,102.11
55.0,49.58
133.0,128.52
166.0,164.94
42.0,44.13
35.0,33.67
206.0,199.22
31.0,30.8
89.0,87.12
183.0,180.7
55.0,53.23
112.0,114.47
117.0,114.93
70.0,70.37
139.0,138.16
54.0,56.06
171.0,169.19
154.0,150.83
13.0,13.05
9.0,8.68
241.0,242.61
156.0,169.44
193.0,192.97
216.0,210.94
101.0,101.04
81.0,90.42
89.0,94.37
38.0,34.73
5.0,3.22
138.0,137.58
184.0,187.69
64.0,80.0
53.0,55.84
17.0,18.36
217.0,212.73
53.0,51.21
117.0,118.94
23.0,23.41
48.0,47.76
87.0,87.16
51.0,50.12
159.0,165.84
110.0,109.96
99.0,103.66
182.0,175.13
35.0,34.64
22.0,19.22
105.0,107.19
31.0,30.39
64.0,65.58
9.0,9.83
89.0,96.77
32.0,27.43
67.0,67.19
212.0,216.38
83.0,82.38
69.0,68.22
48.0,49.04
142.0,141.88
9.0,9.12
63.0,64.79
127.0,130.9
148.0,144.51
123.0,121.71
24.0,26.39
152.0,153.41
128.0,124.93
165.0,171.68
142.0,141.23
29.0,27.28
12.0,13.53
23.0,23.1
106.0,103.86
181.0,180.52
67.0,65.57
140.0,143.29
40.0,34.69
112.0,110.25
164.0,159.37
70.0,69.92
120.0,112.03
18.0,15.97
21.0,20.32
36.0,36.01
125.0,120.23
153.0,151.53
195.0,199.74
54.0,51.53
157.0,157.08
28.0,28.66
164.0,160.42
52.0,54.67
121.0,123.55
10.0,21.9
53.0,61.84
4.0,3.73
21.0,19.84
62.0,60.98
165.0,165.95
174.0,171.98
21.0,23.47
47.0,49.6
211.0,219.92
123.0,123.26
92.0,106.16
53.0,55.69
67.0,65.61
146.0,146.85
85.0,80.57
81.0,81.25
159.0,158.7
11.0,10.26
197.0,196.75
100.0,96.64
57.0,62.36
113.0,115.92
166.0,164.85
155.0,154.37
87.0,90.99
80.0,88.15
219.0,217.49
187.0,189.94
181.0,181.96
61.0,70.31
71.0,70.74
154.0,150.74
59.0,59.93
199.0,194.46
13.0,12.35
150.0,151.69
28.0,28.35
39.0,40.25
118.0,121.22
112.0,110.1
41.0,40.82
43.0,45.14
135.0,140.24
76.0,72.61
134.0,133.56
36.0,36.58
5.0,9.23
28.0,28.78
80.0,85.19
86.0,87.88
56.0,68.43
151.0,148.92
116.0,115.78
156.0,164.85
49.0,46.88
133.0,128.87
41.0,40.6
65.0,63.77
57.0,55.88
14.0,12.6
45.0,44.16
57.0,55.78
178.0,179.08
217.0,214.59
19.0,20.17
176.0,178.76
110.0,112.43
82.0,88.47
32.0,42.33
82.0,88.49
60.0,57.83
7.0,7.21
4.0,3.98
65.0,69.56
142.0,134.1
17.0,16.66
155.0,156.89
51.0,51.54
2.0,3.93
43.0,41.24
22.0,22.22
43.0,42.61
67.0,70.16
13.0,10.36
13.0,13.12
39.0,39.16
12.0,15.4
27.0,26.94
21.0,20.21
73.0,74.08
95.0,95.95
25.0,26.84
91.0,94.25
53.0,52.2
167.0,167.24
84.0,80.93
24.0,23.48
104.0,107.19
106.0,100.94
15.0,16.69
114.0,109.59
167.0,163.89
77.0,80.98
62.0,64.3
169.0,167.98
81.0,80.27
75.0,72.6
132.0,132.05
86.0,84.98
42.0,38.84
46.0,46.37
180.0,179.76
42.0,44.22
181.0,179.95
65.0,65.46
78.0,71.89
45.0,43.72
26.0,25.38
203.0,209.74
95.0,92.47
72.0,73.14
67.0,66.56
94.0,94.3
42.0,40.96
4.0,3.91
167.0,174.87
61.0,63.01
65.0,65.66
44.0,46.66
96.0,94.76
160.0,159.32
85.0,92.81
236.0,230.09
113.0,112.58
76.0,74.97
138.0,137.41
88.0,86.17
42.0,40.44
198.0,198.89
31.0,30.15
81.0,80.43
6.0,5.71
130.0,134.48
35.0,36.16
123.0,125.39
212.0,214.92
14.0,14.74
242.0,226.97
96.0,96.1
51.0,47.97
171.0,173.37
75.0,75.01
17.0,17.85
114.0,115.79
91.0,90.58
17.0,16.69
13.0,11.97
159.0,153.93
192.0,186.59
18.0,18.5
105.0,101.99
223.0,220.95
53.0,55.84
103.0,99.33
130.0,128.77
38.0,37.62
56.0,55.18
57.0,59.37
105.0,105.01
152.0,149.26
55.0,55.6
69.0,68.09
103.0,102.98
223.0,225.23
18.0,17.77
29.0,26.8
87.0,91.76
112.0,110.29
53.0,52.71
56.0,60.06
32.0,30.53
91.0,88.18
187.0,187.03
149.0,143.84
83.0,78.77
56.0,56.54
68.0,63.9
71.0,76.08
13.0,12.91
12.0,11.92
158.0,158.79
141.0,144.46
18.0,14.39
77.0,73.81
74.0,73.03
108.0,108.25
81.0,82.45
126.0,134.67
66.0,66.84
52.0,54.43
187.0,184.47
80.0,83.32
35.0,32.58
97.0,103.35
25.0,25.92
152.0,153.29
78.0,79.24
21.0,21.09
7.0,12.31
71.0,71.75
129.0,133.71
14.0,14.43
10.0,10.57
19.0,17.68
78.0,77.87
99.0,100.03
168.0,166.76
20.0,20.2
104.0,103.09
106.0,108.23
78.0,76.47
37.0,37.07
66.0,68.25
118.0,118.21
117.0,114.69
199.0,197.55
139.0,140.72
52.0,52.62
192.0,187.88
109.0,107.55
102.0,100.24
161.0,160.38
22.0,22.07
120.0,120.24
108.0,110.32
14.0,12.81
92.0,98.39
28.0,26.36
58.0,57.47
182.0,183.58
111.0,109.73
37.0,36.62
20.0,19.79
29.0,26.97
41.0,41.05
90.0,88.48
175.0,173.71
137.0,137.82
168.0,175.58
62.0,64.66
104.0,95.06
11.0,8.7
50.0,49.15
27.0,26.79
24.0,21.81
44.0,45.23
122.0,125.32
108.0,105.52
210.0,205.27
104.0,100.13
47.0,52.33
146.0,148.49
173.0,168.75
48.0,52.08
170.0,191.06
57.0,58.71
94.0,93.3
117.0,115.1
55.0,55.76
147.0,148.6
23.0,21.91
190.0,188.83
17.0,16.86
105.0,104.49
147.0,148.44
19.0,17.76
30.0,28.9
117.0,114.78
90.0,89.86
7.0,7.07
6.0,5.68
113.0,109.54
118.0,118.4
120.0,117.76
38.0,37.41
80.0,77.61
93.0,96.5
151.0,151.37
12.0,11.81
228.0,222.1
124.0,120.01
17.0,16.66
95.0,95.6
86.0,92.72
50.0,48.95
114.0,114.0
40.0,38.83
157.0,157.2
96.0,96.36
30.0,29.57
53.0,51.59
84.0,83.22
51.0,53.82
88.0,88.09
11.0,10.72
58.0,61.98
84.0,84.6
163.0,165.75
95.0,101.87
186.0,186.51
49.0,48.42
15.0,16.94
156.0,153.92
131.0,128.59
167.0,168.35
14.0,16.1
93.0,94.05
47.0,45.36
93.0,94.02
145.0,157.96
70.0,68.78
210.0,209.57
76.0,73.74
32.0,36.86
22.0,22.79
66.0,64.24
86.0,85.19
150.0,150.75
191.0,182.26
41.0,37.88
85.0,75.08
47.0,48.01
48.0,53.63
135.0,143.32
23.0,21.55
28.0,26.79
139.0,135.34
84.0,85.03
179.0,173.15
200.0,197.64
67.0,67.09
83.0,81.26
20.0,19.45
101.0,97.29
108.0,107.81
63.0,62.17
31.0,32.01
107.0,101.94
93.0,96.73
32.0,32.57
75.0,76.29
59.0,58.04
71.0,69.93
115.0,114.34
159.0,158.4
2.0,1.95
163.0,163.29
8.0,8.13
51.0,48.94
130.0,128.22
51.0,46.36
246.0,240.7
117.0,117.57
145.0,145.29
181.0,176.79
238.0,224.75
15.0,15.2
17.0,16.34
46.0,50.78
20.0,19.42
99.0,97.96
192.0,191.58
135.0,149.72
11.0,13.9
63.0,63.15
211.0,205.88
99.0,98.78
78.0,74.9
184.0,180.41
50.0,49.39
240.0,233.9
93.0,89.78
47.0,46.32
76.0,77.56
55.0,54.17
69.0,67.8
34.0,33.94
43.0,41.83
107.0,106.78
86.0,78.84
18.0,18.23
21.0,20.93
130.0,134.46
52.0,52.16
45.0,44.32
59.0,59.21
183.0,182.68
21.0,20.61
33.0,30.8
54.0,52.06
131.0,128.26
164.0,163.21
9.0,9.05
36.0,37.9
86.0,92.82
193.0,193.61
154.0,153.34
92.0,88.35
2.0,2.15
156.0,157.79
30.0,29.92
209.0,203.49
57.0,55.26
70.0,70.86
4.0,3.92
105.0,107.95
59.0,59.14
6.0,5.48
39.0,36.28
125.0,124.39
155.0,160.57
62.0,63.22
47.0,46.99
167.0,171.66
184.0,183.07
17.0,17.46
98.0,99.46
96.0,94.59
32.0,31.38
109.0,105.34
55.0,54.42
220.0,223.04
120.0,117.2
57.0,52.75
67.0,55.11
133.0,144.01
16.0,13.94
8.0,8.53
66.0,67.2
44.0,44.38
190.0,188.44
45.0,49.08
38.0,36.59
162.0,160.28
148.0,142.83
71.0,69.75
108.0,108.47
5.0,9.02
99.0,97.73
23.0,22.96
264.0,253.38
42.0,40.88
114.0,116.53
39.0,36.29
60.0,58.96
23.0,21.43
38.0,36.65
72.0,69.21
83.0,82.33
78.0,79.95
108.0,107.23
171.0,173.62
195.0,196.24
54.0,51.27
22.0,21.01
137.0,129.47
115.0,113.68
121.0,120.01
16.0,16.47
13.0,12.59
152.0,153.28
73.0,73.11
131.0,124.32
205.0,212.2
184.0,180.32
83.0,84.21
36.0,36.54
104.0,105.4
103.0,113.11
30.0,31.13
85.0,83.93
23.0,23.47
156.0,155.7
125.0,123.08
49.0,44.73
174.0,175.1
167.0,170.73
54.0,68.56
124.0,122.05
89.0,86.45
55.0,57.01
166.0,155.31
97.0,98.07
26.0,29.61
33.0,47.28
6.0,5.49
51.0,52.27
158.0,158.57
124.0,124.46
95.0,96.73
78.0,102.45
96.0,99.32
176.0,168.36
80.0,88.05
85.0,104.38
16.0,15.63
112.0,111.2
19.0,20.66
113.0,113.43
151.0,149.41
14.0,13.89
65.0,64.26
44.0,43.78
181.0,185.04
95.0,92.21
188.0,191.24
38.0,36.19
152.0,157.8
135.0,134.98
128.0,124.84
162.0,162.25
144.0,143.01
130.0,129.27
186.0,186.82
156.0,152.69
123.0,119.31
111.0,108.58
219.0,218.98
39.0,38.1
47.0,45.67
7.0,7.3
48.0,44.21
221.0,235.04
100.0,98.22
140.0,138.04
191.0,192.25
174.0,176.54
131.0,126.5
82.0,75.33
199.0,199.65
23.0,22.67
73.0,74.62
124.0,121.67
7.0,8.07
179.0,180.0
45.0,45.55
45.0,46.29
115.0,115.25
83.0,85.87
68.0,67.85
189.0,189.83
53.0,51.94
72.0,68.52
134.0,132.02
98.0,96.16
31.0,30.1
148.0,147.76
57.0,51.75
119.0,125.48
163.0,161.68
102.0,97.36
25.0,25.19
173.0,165.95
201.0,200.71
69.0,66.97
170.0,166.87
66.0,68.04
25.0,24.7
7.0,12.34
15.0,14.71
123.0,130.41
20.0,22.24
21.0,20.65
27.0,27.72
177.0,175.9
195.0,192.32
39.0,39.49
215.0,225.49
230.0,226.44
1.0,1.8
22.0,26.04
153.0,145.15
21.0,20.22
18.0,21.74
34.0,35.86
16.0,16.16
111.0,108.88
43.0,41.6
63.0,62.65
13.0,13.13
9.0,9.05
34.0,33.58
114.0,118.77
126.0,128.13
132.0,128.33
143.0,133.82
191.0,193.22
132.0,133.51
17.0,17.59
1.0,1.91
78.0,76.16
53.0,52.84
25.0,24.25
39.0,38.32
26.0,25.66
82.0,87.45
77.0,74.59
26.0,25.56
37.0,36.81
49.0,46.72
28.0,28.27
26.0,26.61
126.0,127.1
198.0,201.56
43.0,48.76
115.0,126.26
15.0,15.09
13.0,13.21
177.0,183.28
15.0,14.43
46.0,46.75
103.0,108.04
16.0,15.27
140.0,140.21
133.0,135.32
130.0,129.14
155.0,155.29
79.0,77.5
113.0,112.29
215.0,217.31
210.0,202.3
109.0,109.81
145.0,141.47
16.0,10.88
213.0,205.81
87.0,92.19
139.0,144.18
7.0,7.09
21.0,20.56
240.0,224.92
11.0,11.26
162.0,160.07
36.0,38.41
111.0,109.43
66.0,67.66
158.0,172.68
12.0,13.01
179.0,180.84
62.0,64.58
140.0,143.23
42.0,38.54
161.0,160.2
169.0,168.31
162.0,156.69
49.0,46.94
81.0,79.84
111.0,126.99
108.0,103.04
95.0,91.54
164.0,163.34
100.0,97.08
14.0,13.83
55.0,56.22
34.0,33.49
56.0,53.31
63.0,62.06
132.0,132.22
12.0,12.79
192.0,188.5
83.0,82.96
174.0,177.24
106.0,97.58
56.0,55.61
10.0,11.79
182.0,171.35
127.0,126.29
102.0,99.85
9.0,9.12
5.0,8.93
57.0,56.74
23.0,22.56
12.0,9.99
79.0,82.57
115.0,110.56
111.0,104.39
144.0,142.09
3.0,3.14
60.0,59.76
27.0,27.53
129.0,136.77
148.0,143.34
9.0,9.38
14.0,13.95
137.0,138.87
77.0,81.0
134.0,131.96
84.0,89.02
49.0,47.15
177.0,176.36
195.0,192.31
56.0,55.73
8.0,7.64
176.0,180.07
14.0,14.56
50.0,50.08
176.0,175.02
23.0,22.3
29.0,28.18
46.0,44.18
87.0,89.98
143.0,148.7
63.0,63.16
14.0,19.44
125.0,122.24
4.0,3.93
141.0,143.76
16.0,17.74
43.0,44.82
216.0,213.55
